year,exports_usd,imports_usd,exports_lag1,imports_lag1,exports_lag2,imports_lag2,exports_lag3,imports_lag3,exports_roll3,imports_roll3,trade_balance_lag1,exports_growth_lag1,imports_growth_lag1
1968,52860114.3737847,57920043.8555931,57881611.7600735,58537865.8616616,51187819.9238745,79406746.2921643,57094106.8381677,102375639.847749,55387846.17403857,80106750.66719162,-656254.1015881002,0.13076923076923141,-0.26280991735537207
1969,55308641.9753086,80592592.5925926,52860114.3737847,57920043.8555931,57881611.7600735,58537865.8616616,51187819.9238745,79406746.2921643,53976515.35257757,65288218.66980633,-5059929.481808402,-0.08675462264429556,-0.010554228395147747
1970,42469135.8024691,71901234.5679012,55308641.9753086,80592592.5925926,52860114.3737847,57920043.8555931,57881611.7600735,58537865.8616616,55350122.7030556,65683500.7699491,-25283950.617284,0.04632089110155646,0.39144564174583407
1971,47703703.7037037,80592592.5925926,42469135.8024691,71901234.5679012,55308641.9753086,80592592.5925926,52860114.3737847,57920043.8555931,50212630.717187464,70137957.00536229,-29432098.765432097,-0.2321428571428572,-0.10784313725490247
1972,57975285.7381587,81086387.7189579,47703703.7037037,80592592.5925926,42469135.8024691,71901234.5679012,55308641.9753086,80592592.5925926,48493827.1604938,77695473.25102879,-32888888.888888896,0.12325581395348939,0.12087912087912156
1973,64260709.3056138,100827880.761767,57975285.7381587,81086387.7189579,47703703.7037037,80592592.5925926,42469135.8024691,71901234.5679012,49382708.41477717,77860071.6264839,-23111101.9807992,0.21532043084649466,0.006127053498098833
1974,66375047.5465957,128470910.992773,64260709.3056138,100827880.761767,57975285.7381587,81086387.7189579,47703703.7037037,80592592.5925926,56646566.24915874,87502287.02443917,-36567171.4561532,0.10841556858973966,0.2434624799322953
1975,140262466.717383,210631428.299734,66375047.5465957,128470910.992773,64260709.3056138,100827880.761767,57975285.7381587,81086387.7189579,62870347.530122735,103461726.49116595,-62095863.4461773,0.032902503937926264,0.2741605796150779
1976,156521017.206203,205966282.165633,140262466.717383,210631428.299734,66375047.5465957,128470910.992773,64260709.3056138,100827880.761767,90299407.85653083,146643406.68475798,-70368961.582351,1.1131806590257862,0.6395262294947286
1977,162959992.0,197919992.0,156521017.206203,205966282.165633,140262466.717383,210631428.299734,66375047.5465957,128470910.992773,121052843.8233939,181689540.48604664,-49445264.95942998,0.11591519006705919,-0.022148385792942427
1978,169586602.170643,248201284.50063,162959992.0,197919992.0,156521017.206203,205966282.165633,140262466.717383,210631428.299734,153247825.307862,204839234.15512237,-34960000.0,0.04113808425685206,-0.039066055283565104
1979,218166658.333333,295583341.666667,169586602.170643,248201284.50063,162959992.0,197919992.0,156521017.206203,205966282.165633,163022537.12561533,217362519.555421,-78614682.32998699,0.04066403102574401,0.254048577874993
1980,224583341.666667,364500008.333333,218166658.333333,295583341.666667,169586602.170643,248201284.50063,162959992.0,197919992.0,183571084.167992,247234872.7224323,-77416683.333334,0.2864616398989308,0.19090174034098006
1981,293583341.666667,446416683.333333,224583341.666667,364500008.333333,218166658.333333,295583341.666667,169586602.170643,248201284.50063,204112200.72354767,302761544.8335433,-139916666.666666,0.029411842223526552,0.23315477211291635
1982,277667558.495905,450514044.435931,293583341.666667,446416683.333333,224583341.666667,364500008.333333,218166658.333333,295583341.666667,245444447.22222233,368833344.44444436,-152833341.66666603,0.3072356101211271,0.2247371004861205
1983,250371505.200971,521619390.380921,277667558.495905,450514044.435931,293583341.666667,446416683.333333,224583341.666667,364500008.333333,265278080.6097463,420476912.034199,-172846485.94002604,-0.05421214664431706,0.009178333282716
1984,274961829.059717,502021598.526897,250371505.200971,521619390.380921,277667558.495905,450514044.435931,293583341.666667,446416683.333333,273874135.121181,472850039.383395,-271247885.17995,-0.09830479816509252,0.1578315855480552
1985,302055495.88055,523971554.705733,274961829.059717,502021598.526897,250371505.200971,521619390.380921,277667558.495905,450514044.435931,267666964.25219765,491385011.114583,-227059769.46718,0.09821534538847598,-0.03757105701096042
1986,332466751.662167,578786925.835926,302055495.88055,523971554.705733,274961829.059717,502021598.526897,250371505.200971,521619390.380921,275796276.713746,515870847.8711837,-221916058.82518297,0.09853610195089568,0.04372313112273396
1987,349348712.938224,618261968.817866,332466751.662167,578786925.835926,302055495.88055,523971554.705733,274961829.059717,502021598.526897,303161358.867478,534926693.02285194,-246320174.17375904,0.10068102119103095,0.10461516591483266
1988,399163908.410791,780457946.043981,349348712.938224,618261968.817866,332466751.662167,578786925.835926,302055495.88055,523971554.705733,327956986.82698035,573673483.1198417,-268913255.87964195,0.05077789340334227,0.068203066136864
1989,390158053.276406,785537463.950144,399163908.410791,780457946.043981,349348712.938224,618261968.817866,332466751.662167,578786925.835926,360326457.670394,659168946.8992577,-381294037.63319,0.1425944725932793,0.26234183146706913
1990,381884479.941485,785781967.47999,390158053.276406,785537463.950144,399163908.410791,780457946.043981,349348712.938224,618261968.817866,379556891.541807,728085792.9373302,-395379410.67373806,-0.02256179715806572,0.006508381306014499
1991,450607063.668039,909166930.630345,381884479.941485,785781967.47999,390158053.276406,785537463.950144,399163908.410791,780457946.043981,390402147.20956063,783925792.4913716,-403897487.538505,-0.021205696679698183,0.0003112563576743721
1992,542824053.452116,875325167.037862,450607063.668039,909166930.630345,381884479.941485,785781967.47999,390158053.276406,785537463.950144,407549865.62864333,826828787.3534931,-458559866.96230596,0.17995647201238496,0.15702188171364084
1993,674654166.666667,1052504166.66667,542824053.452116,875325167.037862,450607063.668039,909166930.630345,381884479.941485,785781967.47999,458438532.35388,856758021.7160655,-332501113.58574593,0.20465056413765637,-0.03722282724143944
1994,772440816.326531,1278518367.34694,674654166.666667,1052504166.66667,542824053.452116,875325167.037862,450607063.668039,909166930.630345,556028427.9289407,945665421.444959,-377850000.000003,0.24285974870894345,0.2024150639109228
1995,1099094803.21285,1519145030.12048,772440816.326531,1278518367.34694,674654166.666667,1052504166.66667,542824053.452116,875325167.037862,663306345.4817713,1068782567.0171572,-506077551.020409,0.1449433717174069,0.21473948307118595
1996,1031715000.90827,1611500000.0,1099094803.21285,1519145030.12048,772440816.326531,1278518367.34694,674654166.666667,1052504166.66667,848729928.7353493,1283389188.0446968,-420050226.90762997,0.4228854560531583,0.1882074351992813
1997,1294985095.56374,1854725583.02648,1031715000.90827,1611500000.0,1099094803.21285,1519145030.12048,772440816.326531,1278518367.34694,967750206.8158836,1469721132.4891398,-579784999.09173,-0.06130481384100528,0.06079404405002431
1998,1108297013.72074,1645665859.56416,1294985095.56374,1854725583.02648,1031715000.90827,1611500000.0,1099094803.21285,1519145030.12048,1141931633.2282867,1661790204.3823197,-559740487.46274,0.2551771510772842,0.1509311715957058
1999,1150110375.27594,1495923473.14202,1108297013.72074,1645665859.56416,1294985095.56374,1854725583.02648,1031715000.90827,1611500000.0,1144999036.7309167,1703963814.19688,-537368845.84342,-0.14416234015552887,-0.1127173342382991
2000,1279281887.93977,1781598378.45664,1150110375.27594,1495923473.14202,1108297013.72074,1645665859.56416,1294985095.56374,1854725583.02648,1184464161.52014,1665438305.24422,-345813097.86608005,0.037727577569504955,-0.09099197479967047
2001,1355238095.2381,1996693877.55102,1279281887.93977,1781598378.45664,1150110375.27594,1495923473.14202,1108297013.72074,1645665859.56416,1179229758.9788167,1641062570.3876066,-502316490.51687,0.11231227492651619,0.19096893019172412
2002,1073251679.17819,1724111681.8122,1355238095.2381,1996693877.55102,1279281887.93977,1781598378.45664,1150110375.27594,1495923473.14202,1261543452.8179367,1758071909.7165596,-641455782.3129199,0.05937409730755627,0.12073175508877165
2003,993875698.018669,1807224670.05677,1073251679.17819,1724111681.8122,1355238095.2381,1996693877.55102,1279281887.93977,1781598378.45664,1235923887.45202,1834134645.939953,-650860002.6340101,-0.20807149463310226,-0.1365167684458204
2004,1213488962.70126,2143236207.27273,993875698.018669,1807224670.05677,1073251679.17819,1724111681.8122,1355238095.2381,1996693877.55102,1140788490.811653,1842676743.1399965,-813348972.0381011,-0.07395840388556463,0.04820626710052256
2005,1185691417.29106,2396740061.74429,1213488962.70126,2143236207.27273,993875698.018669,1807224670.05677,1073251679.17819,1724111681.8122,1093538779.9660397,1891524186.3805668,-929747244.57147,0.2209665304427897,0.1859268207120064
2006,1216071411.28826,2832075349.08544,1185691417.29106,2396740061.74429,1213488962.70126,2143236207.27273,993875698.018669,1807224670.05677,1131018692.6703296,2115733646.35793,-1211048644.45323,-0.0229071266938613,0.11828087525366304
2007,1327426848.73204,3275658804.75262,1216071411.28826,2832075349.08544,1185691417.29106,2396740061.74429,1213488962.70126,2143236207.27273,1205083930.42686,2457350539.3674865,-1616003937.7971802,0.02562217584960602,0.1816364211913426
2008,1602782686.80316,4172661317.23891,1327426848.73204,3275658804.75262,1216071411.28826,2832075349.08544,1185691417.29106,2396740061.74429,1243063225.7704532,2834824738.52745,-1948231956.0205803,0.0915698177015889,0.15662840884880636
2009,1596506175.3286,4455549991.21991,1602782686.80316,4172661317.23891,1327426848.73204,3275658804.75262,1216071411.28826,2832075349.08544,1382093648.9411533,3426798490.35899,-2569878630.43575,0.20743579078134533,0.2738388110461438
2010,1533460341.31158,5825346141.46184,1596506175.3286,4455549991.21991,1602782686.80316,4172661317.23891,1327426848.73204,3275658804.75262,1508905236.9546,3967956704.403814,-2859043815.8913097,-0.0039160090299446,0.0677957429260494
2011,1684085752.52174,6146530703.24258,1533460341.31158,5825346141.46184,1596506175.3286,4455549991.21991,1602782686.80316,4172661317.23891,1577583067.8144467,4817852483.306887,-4291885800.15026,-0.039489877954304586,0.3074359288844801
2012,1899084545.10723,6331144981.35583,1684085752.52174,6146530703.24258,1533460341.31158,5825346141.46184,1596506175.3286,4455549991.21991,1604684089.7206402,5475808945.30811,-4462444950.72084,0.09822582766068089,0.05513570421072722
2013,2059901303.17249,7218389060.25271,1899084545.10723,6331144981.35583,1684085752.52174,6146530703.24258,1533460341.31158,5825346141.46184,1705543546.3135166,6101007275.353416,-4432060436.2486,0.12766499108703466,0.03003552524611286
2014,2301358066.37855,8151238036.16687,2059901303.17249,7218389060.25271,1899084545.10723,6331144981.35583,1684085752.52174,6146530703.24258,1881023866.93382,6565354914.950374,-5158487757.08022,0.08468119993898404,0.14013959268183984
2015,2488355629.40472,8879790219.80218,2301358066.37855,8151238036.16687,2059901303.17249,7218389060.25271,1899084545.10723,6331144981.35583,2086781304.88609,7233590692.591804,-5849879969.788321,0.1172176369975535,0.1292322938161914
2016,2005968673.73752,8322479252.38274,2488355629.40472,8879790219.80218,2301358066.37855,8151238036.16687,2059901303.17249,7218389060.25271,2283204999.65192,8083139105.407253,-6391434590.397459,0.08125530996592456,0.0893793286863589
2017,2263315184.52804,10670300513.8727,2005968673.73752,8322479252.38274,2488355629.40472,8879790219.80218,2301358066.37855,8151238036.16687,2265227456.50693,8451169169.450597,-6316510578.64522,-0.19385772273338575,-0.0627617267552808
2018,2587877949.51035,13453790805.9787,2263315184.52804,10670300513.8727,2005968673.73752,8322479252.38274,2488355629.40472,8879790219.80218,2252546495.8900933,9290856662.019207,-8406985329.34466,0.12829039364360173,0.2821059915310422
2019,2659663141.42524,14176869010.9874,2587877949.51035,13453790805.9787,2263315184.52804,10670300513.8727,2005968673.73752,8322479252.38274,2285720602.59197,10815523524.078047,-10865912856.46835,0.1434014878709835,0.2608633457405556
2020,2275260266.56851,11405416698.2379,2659663141.42524,14176869010.9874,2587877949.51035,13453790805.9787,2263315184.52804,10670300513.8727,2503618758.4878764,12766986776.946266,-11517205869.56216,0.027739017571702718,0.053745313528092975
2021,1890245951.47223,14007303181.881,2275260266.56851,11405416698.2379,2659663141.42524,14176869010.9874,2587877949.51035,13453790805.9787,2507600452.5013666,13012025505.068,-9130156431.66939,-0.1445306621239031,-0.19549114198639772
2022,2760241576.41351,17408444735.8999,1890245951.47223,14007303181.881,2275260266.56851,11405416698.2379,2659663141.42524,14176869010.9874,2275056453.1553264,13196529630.368767,-12117057230.408772,-0.1692177025870315,0.2281272620267425
2023,2875902618.37774,14188365495.0763,2760241576.41351,17408444735.8999,1890245951.47223,14007303181.881,2275260266.56851,11405416698.2379,2308582598.1514163,14273721538.672934,-14648203159.48639,0.46025525105009657,0.24281201812054798
2024,3270900880.52931,14122276349.6641,2875902618.37774,14188365495.0763,2760241576.41351,17408444735.8999,1890245951.47223,14007303181.881,2508796715.4211597,15201371137.619066,-11312462876.698559,0.04190250699524389,-0.184972252816078
2025,4015673776.7883,15341170693.8035,3270900880.52931,14122276349.6641,2875902618.37774,14188365495.0763,2760241576.41351,17408444735.8999,2969015025.1068535,15239695526.880102,-10851375469.13479,0.13734757902699224,-0.004657981600145078
