country,year,exports_usd,imports_usd,trade_balance_usd
Nepal,1965,57094106.8381677,102375639.847749,-45281533.0095813
Nepal,1966,51187819.9238745,79406746.2921643,-28218926.3682898
Nepal,1967,57881611.7600735,58537865.8616616,-656254.1015881002
Nepal,1968,52860114.3737847,57920043.8555931,-5059929.481808402
Nepal,1969,55308641.9753086,80592592.5925926,-25283950.617284
Nepal,1970,42469135.8024691,71901234.5679012,-29432098.765432097
Nepal,1971,47703703.7037037,80592592.5925926,-32888888.888888896
Nepal,1972,57975285.7381587,81086387.7189579,-23111101.9807992
Nepal,1973,64260709.3056138,100827880.761767,-36567171.4561532
Nepal,1974,66375047.5465957,128470910.992773,-62095863.4461773
Nepal,1975,140262466.717383,210631428.299734,-70368961.582351
Nepal,1976,156521017.206203,205966282.165633,-49445264.95942998
Nepal,1977,162959992.0,197919992.0,-34960000.0
Nepal,1978,169586602.170643,248201284.50063,-78614682.32998699
Nepal,1979,218166658.333333,295583341.666667,-77416683.333334
Nepal,1980,224583341.666667,364500008.333333,-139916666.666666
Nepal,1981,293583341.666667,446416683.333333,-152833341.66666603
Nepal,1982,277667558.495905,450514044.435931,-172846485.94002604
Nepal,1983,250371505.200971,521619390.380921,-271247885.17995
Nepal,1984,274961829.059717,502021598.526897,-227059769.46718
Nepal,1985,302055495.88055,523971554.705733,-221916058.82518297
Nepal,1986,332466751.662167,578786925.835926,-246320174.17375904
Nepal,1987,349348712.938224,618261968.817866,-268913255.87964195
Nepal,1988,399163908.410791,780457946.043981,-381294037.63319
Nepal,1989,390158053.276406,785537463.950144,-395379410.67373806
Nepal,1990,381884479.941485,785781967.47999,-403897487.538505
Nepal,1991,450607063.668039,909166930.630345,-458559866.96230596
Nepal,1992,542824053.452116,875325167.037862,-332501113.58574593
Nepal,1993,674654166.666667,1052504166.66667,-377850000.000003
Nepal,1994,772440816.326531,1278518367.34694,-506077551.020409
Nepal,1995,1099094803.21285,1519145030.12048,-420050226.90762997
Nepal,1996,1031715000.90827,1611500000.0,-579784999.09173
Nepal,1997,1294985095.56374,1854725583.02648,-559740487.46274
Nepal,1998,1108297013.72074,1645665859.56416,-537368845.84342
Nepal,1999,1150110375.27594,1495923473.14202,-345813097.86608005
Nepal,2000,1279281887.93977,1781598378.45664,-502316490.51687
Nepal,2001,1355238095.2381,1996693877.55102,-641455782.3129199
Nepal,2002,1073251679.17819,1724111681.8122,-650860002.6340101
Nepal,2003,993875698.018669,1807224670.05677,-813348972.0381011
Nepal,2004,1213488962.70126,2143236207.27273,-929747244.57147
Nepal,2005,1185691417.29106,2396740061.74429,-1211048644.45323
Nepal,2006,1216071411.28826,2832075349.08544,-1616003937.7971802
Nepal,2007,1327426848.73204,3275658804.75262,-1948231956.0205803
Nepal,2008,1602782686.80316,4172661317.23891,-2569878630.43575
Nepal,2009,1596506175.3286,4455549991.21991,-2859043815.8913097
Nepal,2010,1533460341.31158,5825346141.46184,-4291885800.15026
Nepal,2011,1684085752.52174,6146530703.24258,-4462444950.72084
Nepal,2012,1899084545.10723,6331144981.35583,-4432060436.2486
Nepal,2013,2059901303.17249,7218389060.25271,-5158487757.08022
Nepal,2014,2301358066.37855,8151238036.16687,-5849879969.788321
Nepal,2015,2488355629.40472,8879790219.80218,-6391434590.397459
Nepal,2016,2005968673.73752,8322479252.38274,-6316510578.64522
Nepal,2017,2263315184.52804,10670300513.8727,-8406985329.34466
Nepal,2018,2587877949.51035,13453790805.9787,-10865912856.46835
Nepal,2019,2659663141.42524,14176869010.9874,-11517205869.56216
Nepal,2020,2275260266.56851,11405416698.2379,-9130156431.66939
Nepal,2021,1890245951.47223,14007303181.881,-12117057230.408772
Nepal,2022,2760241576.41351,17408444735.8999,-14648203159.48639
Nepal,2023,2875902618.37774,14188365495.0763,-11312462876.698559
Nepal,2024,3270900880.52931,14122276349.6641,-10851375469.13479
Nepal,2025,4015673776.7883,15341170693.8035,-11325496917.0152
