country,imports_npr_000,exports_npr_000,total_trade_npr_000
Afghanistan,65.0,26116.0,26181.0
Algeria,465.0,73034.0,73499.0
Andorra,107.0,0.0,107.0
Angola,0.0,233.0,233.0
Antarctica,187.0,0.0,187.0
Argentina,24864160.0,7388.0,24871548.0
Armenia,62.0,2956.0,3018.0
Australia,18601276.0,1614008.0,20215284.0
Austria,2198473.0,367029.0,2565502.0
Azerbaijan,1.0,1824.0,1825.0
Bahamas,77.0,668.0,745.0
Bahrain,614071.0,2583.0,616654.0
Bangladesh,6045979.0,574024.0,6620003.0
Belarus,12134.0,7.0,12141.0
Belgium,10363475.0,515570.0,10879045.0
Belize,25311.0,0.0,25311.0
Benin,13714.0,0.0,13714.0
Bhutan,1576745.0,581506.0,2158251.0
Bolivia,2336.0,207.0,2543.0
Bosnia and Herzegovina,403.0,2629.0,3032.0
Brazil,5126190.0,14730.0,5140920.0
Brunei Darussalam,2427.0,226.0,2653.0
Bulgaria,98464.0,13062.0,111526.0
Burkina Faso,138702.0,0.0,138702.0
Cambodia,74933.0,129355.0,204288.0
Cameroon,1038.0,0.0,1038.0
Canada,4070657.0,1787142.0,5857799.0
Cayman Islands,131.0,4095.0,4226.0
Central African Republic,80.0,45.0,125.0
Chad,0.0,41270.0,41270.0
Chile,106212.0,16277.0,122489.0
China,222715933.0,1765786.0,224481719.0
Cocos (Keeling) Islands,439.0,0.0,439.0
Colombia,4848.0,169.0,5017.0
Comoros,6727.0,0.0,6727.0
Congo,963.0,6245.0,7208.0
Costa Rica,62801.0,850.0,63651.0
Croatia,5712.0,15301.0,21013.0
Cuba,2.0,287.0,289.0
Cyprus,30069.0,3217.0,33286.0
Czech Republic,718775.0,219735.0,938510.0
Denmark,406350.0,918417.0,1324767.0
Dominican Republic,45616.0,0.0,45616.0
East Timor,31943.0,0.0,31943.0
Ecuador,478.0,0.0,478.0
Egypt,149891.0,5716.0,155607.0
El Salvador,1858.0,0.0,1858.0
Estonia,7081.0,5660.0,12741.0
Ethiopia,285402.0,15.0,285417.0
Fiji,0.0,20281.0,20281.0
Finland,304714.0,85761.0,390475.0
France,8124866.0,1832810.0,9957676.0
Gabon,46665.0,0.0,46665.0
Georgia,4674.0,1584.0,6258.0
Germany,6758647.0,4356902.0,11115549.0
Greece,124815.0,26812.0,151627.0
Grenada,607.0,0.0,607.0
Guadeloupe,0.0,768.0,768.0
Guatemala,1360354.0,1518.0,1361872.0
Honduras,313.0,0.0,313.0
Hong Kong,2952190.0,441794.0,3393984.0
Hungary,137984.0,62272.0,200256.0
Iceland,386.0,22197.0,22583.0
India,1027847541.0,106686404.0,1134533945.0
Indonesia,41825547.0,314216.0,42139763.0
"Iran, Islamic Republic of",11782.0,0.0,11782.0
Iraq,6605.0,15865.0,22470.0
Ireland,773442.0,84302.0,857744.0
Israel,1422219.0,22073.0,1444292.0
Italy,3208922.0,1333858.0,4542780.0
Jamaica,102.0,0.0,102.0
Japan,5449129.0,1429170.0,6878299.0
Jordan,6469517.0,561.0,6470078.0
Kazakstan,7696.0,1097.0,8793.0
Kenya,13835.0,13358.0,27193.0
"Korea, Republic of",7043590.0,302220.0,7345810.0
Kuwait,598225.0,4223.0,602448.0
Kyrgyzstan,4723.0,693.0,5416.0
Lao People's Democratic Republic,5577.0,0.0,5577.0
Latvia,21335.0,45185.0,66520.0
Lebanon,17612.0,10683.0,28295.0
Libyan Arab Jamahiriya,179.0,0.0,179.0
Liechtenstein,8701.0,617.0,9318.0
Lithuania,694048.0,22573.0,716621.0
Luxembourg,63048.0,952.0,64000.0
Madagascar,55699.0,2641.0,58340.0
Malawi,18698.0,0.0,18698.0
Malaysia,22406983.0,312465.0,22719448.0
Maldives,1132.0,21739.0,22871.0
Mali,1891.0,1016.0,2907.0
Malta,2344.0,2982.0,5326.0
Many Countries,0.0,497.0,497.0
Mauritius,224.0,10650.0,10874.0
Mexico,697010.0,55864.0,752874.0
Monaco,1177.0,11263.0,12440.0
Mongolia,99121.0,1586.0,100707.0
Montenegro,637.0,0.0,637.0
Montserrat,191.0,0.0,191.0
Morocco,3095.0,6171.0,9266.0
Mozambique,242583.0,0.0,242583.0
Myanmar,944728.0,161838.0,1106566.0
Namibia,72115.0,5652.0,77767.0
Nauru,3201.0,0.0,3201.0
Netherlands,2941733.0,1116023.0,4057756.0
New Caledonia,0.0,10887.0,10887.0
New Zealand,1561582.0,156567.0,1718149.0
Nicaragua,11959.0,0.0,11959.0
Niger,651.0,52083.0,52734.0
Nigeria,984024.0,8608.0,992632.0
Norway,108934.0,206151.0,315085.0
Not_Specified,2790421.0,0.0,2790421.0
Oman,10703583.0,3039.0,10706622.0
Pakistan,427082.0,66555.0,493637.0
Panama,1625.0,2730.0,4355.0
Papua New Guinea,2250.0,0.0,2250.0
Paraguay,4664039.0,363.0,4664402.0
Peru,36884.0,4978.0,41862.0
Philippines,517164.0,16242.0,533406.0
Poland,1947153.0,115319.0,2062472.0
Portugal,33329.0,38410.0,71739.0
Puerto Rico,11669.0,1017.0,12686.0
Qatar,13306916.0,110688.0,13417604.0
Republic of Moldova,143722.0,0.0,143722.0
Romania,1732878.0,93724.0,1826602.0
Russian Federation,236092.0,156073.0,392165.0
Rwanda,73.0,318.0,391.0
Saint Lucia,33.0,254.0,287.0
Saint Vincent and the Grenadines,120.0,0.0,120.0
San Marino,528.0,0.0,528.0
Saudi Arabia,10046708.0,8698.0,10055406.0
Senegal,129.0,0.0,129.0
Serbia,39036.0,233.0,39269.0
Serbia (Europe),4193.0,0.0,4193.0
Seychelles,111.0,0.0,111.0
Sierra Leone,1152.0,0.0,1152.0
Singapore,7037519.0,499653.0,7537172.0
Slovakia,38774.0,15122.0,53896.0
Slovenia,98130.0,28985.0,127115.0
South Africa,2488619.0,101000.0,2589619.0
Spain,1419900.0,389095.0,1808995.0
Sri Lanka,392886.0,29326.0,422212.0
Sudan,12185.0,1280.0,13465.0
Suriname,1028.0,0.0,1028.0
Swaziland,181289.0,0.0,181289.0
Sweden,1701227.0,241657.0,1942884.0
Switzerland,2230263.0,599260.0,2829523.0
"Taiwan, Province of China",3506103.0,130954.0,3637057.0
Thailand,11289884.0,75279.0,11365163.0
The former Yugoslav Rep. Macedonia,1176.0,0.0,1176.0
Togo,1456825.0,0.0,1456825.0
Tokelau,1862.0,0.0,1862.0
Trinidad and Tobago,951.0,1890.0,2841.0
Tunisia,2775.0,20.0,2795.0
Turkey,4431236.0,2159697.0,6590933.0
Turks and Caicos Islands,975.0,0.0,975.0
Uganda,96647.0,33509.0,130156.0
Ukraine,18434683.0,10871.0,18445554.0
United Arab Emirates,32210048.0,1079891.0,33289939.0
United Kingdom,6488299.0,3339501.0,9827800.0
United Republic of Tanzania,816946.0,761.0,817707.0
United States,19424896.0,19571422.0,38996318.0
Uruguay,34.0,41469.0,41503.0
Uzbekistan,2032.0,0.0,2032.0
Vanuatu,367.0,0.0,367.0
Venezuela,50480.0,1808.0,52288.0
Viet Nam,7382425.0,145144.0,7527569.0
Yemen,1485.0,20233.0,21718.0
Zambia,151.0,949.0,1100.0
Zimbabwe,30.0,435.0,465.0
Other Countries:(Countries With Less Than Rs.100 Thousand Trade),681.0,24.0,705.0
